0 , 0 , 1.00567 , 0.0 , 0 , -5.85123 , 0
1 , 50659178 , 0.958941 , 0.0 , 0 , -0.293812 , 0
2 , 101196284 , 0.833258 , 0.0 , 0 , 0.185568 , 3685
3 , 151855462 , 0.639848 , 0.0 , 0 , 0.644319 , 12795
4 , 202392568 , 0.441605 , 0.0 , 0 , 0.776028 , 15411
5 , 252929688 , 0.280421 , 0.0 , 0 , 0.667915 , 13264
6 , 303466794 , 0.169189 , 0.0 , 0 , 0.465192 , 9238
7 , 354003900 , 0.101514 , 0.0 , 0 , 0.272587 , 5413
8 , 404663078 , 0.0660644 , 0.0 , 0 , 0.122095 , 2424
9 , 455322256 , 0.0451172 , 0.0 , 0 , 0.0570248 , 1132
10 , 505371087 , 0.0273926 , 0.0 , 0 , 0.0496446 , 985
11 , 556030265 , 0.0161133 , 0.0 , 0 , 0.0218323 , 433
12 , 606689443 , 0.00644531 , 0.0 , 0 , 0.0186306 , 369
13 , 657226563 , 0.0112793 , 0.0 , 0 , -0.0604078 , 0
14 , 707885741 , 0.00966797 , 0.0 , 0 , -0.0256668 , 0
15 , 758544919 , 0.0128906 , 0.0 , 0 , -0.0529562 , 0
16 , 809082025 , 0.00966797 , 0.0 , 0 , -0.017329 , 0
17 , 859619131 , 0.0112793 , 0.0 , 0 , -0.0437221 , 0
18 , 909301746 , 0.0112793 , 0.0 , 0 , -0.0353138 , 0
19 , 959838866 , 0.00805664 , 0.0 , 0 , -0.0166341 , 0
20 , 1010498044 , 0.0112793 , 0.0 , 0 , -0.0523922 , 0
21 , 1061035150 , 0.00966797 , 0.0 , 0 , -0.02613 , 0
22 , 1111694328 , 0.0112793 , 0.0 , 0 , -0.0440443 , 0
23 , 1161376943 , 0.0112793 , 0.0 , 0 , -0.035636 , 0
24 , 1211914063 , 0.0112793 , 0.0 , 0 , -0.0357065 , 0
25 , 1262451169 , 0.0112793 , 0.0 , 0 , -0.035777 , 0
26 , 1313110347 , 0.0112793 , 0.0 , 0 , -0.0358475 , 0
27 , 1363769525 , 0.0112793 , 0.0 , 0 , -0.035918 , 0
28 , 1414428703 , 0.0112793 , 0.0 , 0 , -0.0359885 , 0
29 , 1464599606 , 0.00966797 , 0.0 , 0 , -0.0266839 , 0
30 , 1515258784 , 0.0112793 , 0.0 , 0 , -0.0445982 , 0
31 , 1565795890 , 0.0128906 , 0.0 , 0 , -0.045565 , 0
32 , 1615478506 , 0.0112793 , 0.0 , 0 , -0.0277916 , 0
33 , 1666015625 , 0.0112793 , 0.0 , 0 , -0.036341 , 0
34 , 1716552731 , 0.0112793 , 0.0 , 0 , -0.0364114 , 0
35 , 1767211909 , 0.0112793 , 0.0 , 0 , -0.0364819 , 0
36 , 1817749015 , 0.00966797 , 0.0 , 0 , -0.0271773 , 0
37 , 1867309559 , 0.00966797 , 0.0 , 0 , -0.0357165 , 0
38 , 1917114246 , 0.00805664 , 0.0 , 0 , -0.0264019 , 0
39 , 1967651366 , 0.00805664 , 0.0 , 0 , -0.034931 , 0
40 , 2018188472 , 0.0112793 , 0.0 , 1.0 , -0.0537316 , 18792
41 , 2068725578 , 0.0467285 , 0.0 , 1.0 , -0.243097 , 15031
42 , 2118408193 , 0.159521 , 0.0 , 1.0 , -0.713112 , 5697
43 , 2168090809 , 0.298146 , 0.0 , 1.0 , -0.927145 , 1446
44 , 2218627928 , 0.422268 , 0.0 , 1.0 , -0.921742 , 1554
45 , 2269287106 , 0.50928 , 0.0 , 1.0 , -0.777504 , 4418
46 , 2319946284 , 0.554397 , 0.0 , 1.0 , -0.585335 , 8235
47 , 2370605462 , 0.575345 , 0.0 , 1.0 , -0.473269 , 10460
48 , 2421264640 , 0.588235 , 0.0 , 1.0 , -0.441642 , 11088
49 , 2471313472 , 0.596292 , 0.0 , 1.0 , -0.424364 , 11431
50 , 2522094722 , 0.604348 , 0.0 , 1.0 , -0.432572 , 11268
51 , 2572753900 , 0.60596 , 0.0 , 1.0 , -0.403331 , 11849
52 , 2623413078 , 0.607571 , 0.0 , 1.0 , -0.408013 , 11756
53 , 2673095693 , 0.610794 , 0.0 , 1.0 , -0.422083 , 11477
54 , 2722778309 , 0.609183 , 0.0 , 1.0 , -0.399568 , 11924
55 , 2773315428 , 0.607571 , 0.0 , 1.0 , -0.402477 , 11866
56 , 2824096678 , 0.607571 , 0.0 , 1.0 , -0.414754 , 11622
57 , 2874633784 , 0.607571 , 0.0 , 1.0 , -0.418552 , 11547
58 , 2925292962 , 0.601126 , 0.0 , 1.0 , -0.384849 , 12216
59 , 2975952140 , 0.601126 , 0.0 , 1.0 , -0.422521 , 11468
60 , 3025634756 , 0.604348 , 0.0 , 1.0 , -0.445027 , 11021
61 , 3075317371 , 0.594681 , 0.0 , 1.0 , -0.375597 , 12400
62 , 3125976563 , 0.597903 , 0.0 , 1.0 , -0.448937 , 10943
63 , 3176635741 , 0.588235 , 0.0 , 1.0 , -0.379465 , 12323
64 , 3227294919 , 0.588235 , 0.0 , 1.0 , -0.434015 , 11240
65 , 3277954097 , 0.588235 , 0.0 , 1.0 , -0.437691 , 11167
66 , 3328613275 , 0.586624 , 0.0 , 1.0 , -0.431993 , 11280
67 , 3379272453 , 0.583401 , 0.0 , 1.0 , -0.425387 , 11411
68 , 3428955068 , 0.580178 , 0.0 , 1.0 , -0.427241 , 11374
69 , 3479003900 , 0.576956 , 0.0 , 1.0 , -0.429076 , 11338
70 , 3529541006 , 0.575345 , 0.0 , 1.0 , -0.440262 , 11116
71 , 3579223621 , 0.573733 , 0.0 , 1.0 , -0.442963 , 11062
72 , 3629882813 , 0.570511 , 0.0 , 1.0 , -0.436277 , 11195
73 , 3680419919 , 0.572122 , 0.0 , 1.0 , -0.466175 , 10601
74 , 3731079097 , 0.565677 , 0.0 , 1.0 , -0.423773 , 11443
75 , 3781738275 , 0.562454 , 0.0 , 1.0 , -0.442472 , 11072
76 , 3832275381 , 0.565677 , 0.0 , 1.0 , -0.481696 , 10293
77 , 3881957996 , 0.560843 , 0.0 , 1.0 , -0.440148 , 11118
78 , 3932617188 , 0.556009 , 0.0 , 1.0 , -0.440963 , 11102
79 , 3983276366 , 0.554397 , 0.0 , 1.0 , -0.460501 , 10714
80 , 4033935544 , 0.551175 , 0.0 , 1.0 , -0.453694 , 10849
81 , 4084472650 , 0.552786 , 0.0 , 1.0 , -0.483472 , 10257
82 , 4135131828 , 0.547952 , 0.0 , 1.0 , -0.450321 , 10916
83 , 4184814443 , 0.544729 , 0.0 , 1.0 , -0.460434 , 10715
84 , 4234497059 , 0.546341 , 0.0 , 1.0 , -0.49017 , 10124
85 , 4285156250 , 0.543118 , 0.0 , 1.0 , -0.466356 , 10597
86 , 4335815428 , 0.541507 , 0.0 , 1.0 , -0.477334 , 10379
87 , 4386474606 , 0.536673 , 0.0 , 1.0 , -0.461071 , 10702
88 , 4437133784 , 0.53345 , 0.0 , 1.0 , -0.471111 , 10503
89 , 4487426746 , 0.531839 , 0.0 , 1.0 , -0.482029 , 10286
90 , 4538085938 , 0.530227 , 0.0 , 1.0 , -0.484455 , 10238
91 , 4588745116 , 0.530227 , 0.0 , 1.0 , -0.496248 , 10004
92 , 4639404294 , 0.525393 , 0.0 , 1.0 , -0.471437 , 10496
93 , 4689941400 , 0.528616 , 0.0 , 1.0 , -0.518908 , 9554
94 , 4740600578 , 0.52056 , 0.0 , 1.0 , -0.458378 , 10756
95 , 4791259756 , 0.517337 , 0.0 , 1.0 , -0.485275 , 10222
96 , 4840942371 , 0.517337 , 0.0 , 1.0 , -0.505466 , 9821
97 , 4891601563 , 0.517337 , 0.0 , 1.0 , -0.508699 , 9756
98 , 4942260741 , 0.514114 , 0.0 , 1.0 , -0.493182 , 10065
99 , 4992919919 , 0.510891 , 0.0 , 1.0 , -0.494603 , 10036
100 , 5043579097 , 0.507669 , 0.0 , 1.0 , -0.496005 , 10009
101 , 5094238275 , 0.50928 , 0.0 , 1.0 , -0.525509 , 9423
102 , 5145019525 , 0.504446 , 0.0 , 1.0 , -0.492089 , 10086
103 , 5195678703 , 0.502835 , 0.0 , 1.0 , -0.511302 , 9705
104 , 5246337881 , 0.499612 , 0.0 , 1.0 , -0.504174 , 9846
105 , 5296020496 , 0.498001 , 0.0 , 1.0 , -0.514879 , 9634
106 , 5346679688 , 0.502835 , 0.0 , 1.0 , -0.554594 , 8845
107 , 5397338866 , 0.493167 , 0.0 , 1.0 , -0.476052 , 10405
108 , 5447998044 , 0.489944 , 0.0 , 1.0 , -0.511256 , 9706
109 , 5498657222 , 0.488333 , 0.0 , 1.0 , -0.5219 , 9494
110 , 5549316400 , 0.489944 , 0.0 , 1.0 , -0.542806 , 9079
111 , 5599975578 , 0.491556 , 0.0 , 1.0 , -0.546764 , 9000
112 , 5649658193 , 0.483499 , 0.0 , 1.0 , -0.494483 , 10039
113 , 5699340809 , 0.480276 , 0.0 , 1.0 , -0.521149 , 9509
114 , 5750000000 , 0.481888 , 0.0 , 1.0 , -0.550483 , 8927
115 , 5800537106 , 0.477054 , 0.0 , 1.0 , -0.51689 , 9594
116 , 5851196284 , 0.475442 , 0.0 , 1.0 , -0.535933 , 9216
117 , 5901855462 , 0.475442 , 0.0 , 1.0 , -0.547383 , 8988
118 , 5952514640 , 0.473831 , 0.0 , 1.0 , -0.540979 , 9115
119 , 6002197256 , 0.468997 , 0.0 , 1.0 , -0.524294 , 9447
120 , 6051879871 , 0.468997 , 0.0 , 1.0 , -0.552662 , 8883
121 , 6102539063 , 0.467386 , 0.0 , 1.0 , -0.546219 , 9011
122 , 6153076169 , 0.465774 , 0.0 , 1.0 , -0.548243 , 8971
123 , 6203735347 , 0.464163 , 0.0 , 1.0 , -0.550258 , 8931
124 , 6254272453 , 0.459329 , 0.0 , 1.0 , -0.533513 , 9264
125 , 6303955068 , 0.459329 , 0.0 , 1.0 , -0.56182 , 8702
126 , 6353637684 , 0.457718 , 0.0 , 1.0 , -0.555315 , 8831
127 , 6404174803 , 0.456106 , 0.0 , 1.0 , -0.557279 , 8792
128 , 6454833981 , 0.451272 , 0.0 , 1.0 , -0.540484 , 9125
129 , 6505371087 , 0.451272 , 0.0 , 1.0 , -0.568741 , 8564
130 , 6556030265 , 0.452884 , 0.0 , 1.0 , -0.580935 , 8322
131 , 6605712881 , 0.44805 , 0.0 , 1.0 , -0.547163 , 8993
132 , 6655395496 , 0.444827 , 0.0 , 1.0 , -0.556648 , 8804
133 , 6706054688 , 0.443216 , 0.0 , 1.0 , -0.567012 , 8598
134 , 6756591794 , 0.443216 , 0.0 , 1.0 , -0.57826 , 8375
135 , 6807250972 , 0.441605 , 0.0 , 1.0 , -0.571655 , 8506
136 , 6857910150 , 0.439993 , 0.0 , 1.0 , -0.573519 , 8469
137 , 6908569328 , 0.43677 , 0.0 , 1.0 , -0.565997 , 8619
138 , 6958129871 , 0.435159 , 0.0 , 1.0 , -0.57631 , 8414
139 , 7008789063 , 0.431937 , 0.0 , 1.0 , -0.568758 , 8564
140 , 7059448241 , 0.431937 , 0.0 , 1.0 , -0.588415 , 8173
141 , 7110107419 , 0.431937 , 0.0 , 1.0 , -0.591115 , 8120
142 , 7160766597 , 0.427103 , 0.0 , 1.0 , -0.565689 , 8625
143 , 7211547847 , 0.427103 , 0.0 , 1.0 , -0.593795 , 8066
144 , 7262329097 , 0.425491 , 0.0 , 1.0 , -0.587089 , 8200
145 , 7312988275 , 0.42388 , 0.0 , 1.0 , -0.588852 , 8165
146 , 7363525381 , 0.420657 , 0.0 , 1.0 , -0.581229 , 8316
147 , 7414062500 , 0.420657 , 0.0 , 1.0 , -0.600816 , 7927
148 , 7464721678 , 0.417435 , 0.0 , 1.0 , -0.584696 , 8247
149 , 7515502928 , 0.414212 , 0.0 , 1.0 , -0.585511 , 8231
150 , 7566162106 , 0.414212 , 0.0 , 1.0 , -0.605058 , 7843
151 , 7616699212 , 0.415823 , 0.0 , 1.0 , -0.617022 , 7605
152 , 7667358390 , 0.410939 , 0.0 , 1.0 , -0.582723 , 8286
153 , 7717041006 , 0.407716 , 0.0 , 1.0 , -0.592243 , 8097
154 , 7766723621 , 0.406105 , 0.0 , 1.0 , -0.602374 , 7896
155 , 7817260741 , 0.407716 , 0.0 , 1.0 , -0.622766 , 7491
156 , 7868041991 , 0.404494 , 0.0 , 1.0 , -0.598085 , 7981
157 , 7918701169 , 0.402882 , 0.0 , 1.0 , -0.608195 , 7781
158 , 7969360347 , 0.401271 , 0.0 , 1.0 , -0.609817 , 7748
159 , 8020019525 , 0.404494 , 0.0 , 1.0 , -0.639554 , 7158
160 , 8070678703 , 0.396437 , 0.0 , 1.0 , -0.578249 , 8375
161 , 8120361318 , 0.389992 , 0.0 , 1.0 , -0.58562 , 8229
162 , 8170043934 , 0.394826 , 0.0 , 1.0 , -0.650098 , 6948
163 , 8220703125 , 0.389992 , 0.0 , 1.0 , -0.599004 , 7963
164 , 8271362303 , 0.391603 , 0.0 , 1.0 , -0.636253 , 7223
165 , 8322021481 , 0.391603 , 0.0 , 1.0 , -0.630222 , 7343
166 , 8372558587 , 0.38838 , 0.0 , 1.0 , -0.613919 , 7667
167 , 8423217765 , 0.385158 , 0.0 , 1.0 , -0.614553 , 7654
168 , 8472900381 , 0.383546 , 0.0 , 1.0 , -0.624544 , 7456
169 , 8522949212 , 0.385158 , 0.0 , 1.0 , -0.644794 , 7054
170 , 8573608390 , 0.381935 , 0.0 , 1.0 , -0.619973 , 7547
171 , 8623291006 , 0.378712 , 0.0 , 1.0 , -0.620567 , 7535
172 , 8672973621 , 0.378712 , 0.0 , 1.0 , -0.639891 , 7151
173 , 8723510741 , 0.37549 , 0.0 , 1.0 , -0.623508 , 7476
174 , 8774047847 , 0.372267 , 0.0 , 1.0 , -0.624062 , 7465
175 , 8824707025 , 0.373878 , 0.0 , 1.0 , -0.652722 , 6896
176 , 8875366203 , 0.373878 , 0.0 , 1.0 , -0.64658 , 7018
177 , 8924926746 , 0.370656 , 0.0 , 1.0 , -0.630166 , 7344
178 , 8975463866 , 0.367433 , 0.0 , 1.0 , -0.630691 , 7334
179 , 9026123044 , 0.367433 , 0.0 , 1.0 , -0.649944 , 6951
180 , 9076660150 , 0.367433 , 0.0 , 1.0 , -0.652241 , 6906
181 , 9127441400 , 0.365822 , 0.0 , 1.0 , -0.645162 , 7046
182 , 9178100578 , 0.362599 , 0.0 , 1.0 , -0.637177 , 7205
183 , 9227783193 , 0.360988 , 0.0 , 1.0 , -0.647026 , 7009
184 , 9278320313 , 0.360988 , 0.0 , 1.0 , -0.657761 , 6796
185 , 9328979491 , 0.356154 , 0.0 , 1.0 , -0.631891 , 7310
186 , 9379516597 , 0.356154 , 0.0 , 1.0 , -0.659554 , 6761
187 , 9430175775 , 0.356154 , 0.0 , 1.0 , -0.661779 , 6716
188 , 9480834953 , 0.354542 , 0.0 , 1.0 , -0.65463 , 6858
189 , 9530883784 , 0.354542 , 0.0 , 1.0 , -0.665325 , 6646
190 , 9581542962 , 0.349708 , 0.0 , 1.0 , -0.639416 , 7160
191 , 9632202140 , 0.349708 , 0.0 , 1.0 , -0.667037 , 6612
192 , 9682006828 , 0.348097 , 0.0 , 1.0 , -0.659848 , 6755
193 , 9731811515 , 0.348097 , 0.0 , 1.0 , -0.670502 , 6543
194 , 9781494131 , 0.343263 , 0.0 , 1.0 , -0.644553 , 7058
195 , 9831176746 , 0.346486 , 0.0 , 1.0 , -0.690884 , 6138
196 , 9880981434 , 0.341652 , 0.0 , 1.0 , -0.647967 , 6991
197 , 9931518553 , 0.343263 , 0.0 , 1.0 , -0.684914 , 6257
198 , 9982177731 , 0.34004 , 0.0 , 1.0 , -0.65983 , 6755
199 , 10032836909 , 0.34004 , 0.0 , 1.0 , -0.678913 , 6376
200 , 10083496087 , 0.335207 , 0.0 , 1.0 , -0.652913 , 6892
201 , 10134155265 , 0.335207 , 0.0 , 1.0 , -0.680444 , 6346
202 , 10183837881 , 0.333595 , 0.0 , 1.0 , -0.673164 , 6490
203 , 10234375000 , 0.333595 , 0.0 , 1.0 , -0.683728 , 6280
204 , 10285034178 , 0.333595 , 0.0 , 1.0 , -0.685813 , 6239
205 , 10335693356 , 0.330372 , 0.0 , 1.0 , -0.669147 , 6570
206 , 10386352534 , 0.328761 , 0.0 , 1.0 , -0.678795 , 6378
207 , 10437011712 , 0.32715 , 0.0 , 1.0 , -0.679953 , 6355
208 , 10487670890 , 0.32715 , 0.0 , 1.0 , -0.690477 , 6146
209 , 10538330068 , 0.325539 , 0.0 , 1.0 , -0.683146 , 6292
210 , 10588012684 , 0.323927 , 0.0 , 1.0 , -0.684284 , 6269
211 , 10638549803 , 0.322316 , 0.0 , 1.0 , -0.685412 , 6247
212 , 10689208981 , 0.320705 , 0.0 , 1.0 , -0.686531 , 6225
213 , 10739746087 , 0.319093 , 0.0 , 1.0 , -0.687638 , 6203
214 , 10790405265 , 0.317482 , 0.0 , 1.0 , -0.688736 , 6181
215 , 10840087881 , 0.317482 , 0.0 , 1.0 , -0.699199 , 5973
216 , 10889770496 , 0.314259 , 0.0 , 1.0 , -0.682433 , 6306
217 , 10940429688 , 0.317482 , 0.0 , 1.0 , -0.720105 , 5558
218 , 10990966794 , 0.314259 , 0.0 , 1.0 , -0.686381 , 6228
219 , 11041625972 , 0.311037 , 0.0 , 1.0 , -0.686553 , 6224
220 , 11092285150 , 0.309425 , 0.0 , 1.0 , -0.696079 , 6035
221 , 11142944328 , 0.307814 , 0.0 , 1.0 , -0.697117 , 6015
222 , 11192626943 , 0.309425 , 0.0 , 1.0 , -0.716895 , 5622
223 , 11242309559 , 0.307814 , 0.0 , 1.0 , -0.700974 , 5938
224 , 11292968750 , 0.304591 , 0.0 , 1.0 , -0.692627 , 6104
225 , 11343627928 , 0.30298 , 0.0 , 1.0 , -0.702113 , 5915
226 , 11394287106 , 0.304591 , 0.0 , 1.0 , -0.72186 , 5523
227 , 11444946284 , 0.30298 , 0.0 , 1.0 , -0.70591 , 5840
228 , 11495239246 , 0.299757 , 0.0 , 1.0 , -0.697532 , 6006
229 , 11545898438 , 0.296535 , 0.0 , 1.0 , -0.697613 , 6005
230 , 11596435544 , 0.298146 , 0.0 , 1.0 , -0.725798 , 5445
231 , 11647094722 , 0.298146 , 0.0 , 1.0 , -0.719183 , 5576
232 , 11697753900 , 0.296535 , 0.0 , 1.0 , -0.711672 , 5726
233 , 11748413078 , 0.294923 , 0.0 , 1.0 , -0.712628 , 5707
234 , 11798095693 , 0.291701 , 0.0 , 1.0 , -0.7042 , 5874
235 , 11847778309 , 0.290089 , 0.0 , 1.0 , -0.713605 , 5687
236 , 11898437500 , 0.291701 , 0.0 , 1.0 , -0.733273 , 5297
237 , 11949096678 , 0.288478 , 0.0 , 1.0 , -0.707867 , 5801
238 , 11999633784 , 0.288478 , 0.0 , 1.0 , -0.726627 , 5429
239 , 12050292962 , 0.288478 , 0.0 , 1.0 , -0.72843 , 5393
240 , 12101074212 , 0.285255 , 0.0 , 1.0 , -0.711482 , 5729
241 , 12151733390 , 0.285255 , 0.0 , 1.0 , -0.730223 , 5357
242 , 12201416006 , 0.282033 , 0.0 , 1.0 , -0.713255 , 5694
243 , 12251098621 , 0.282033 , 0.0 , 1.0 , -0.731976 , 5322
244 , 12301757813 , 0.280421 , 0.0 , 1.0 , -0.724364 , 5473
245 , 12352416991 , 0.280421 , 0.0 , 1.0 , -0.734595 , 5270
246 , 12403076169 , 0.27881 , 0.0 , 1.0 , -0.726972 , 5422
247 , 12453735347 , 0.27881 , 0.0 , 1.0 , -0.737193 , 5219
248 , 12504028309 , 0.277199 , 0.0 , 1.0 , -0.72956 , 5370
249 , 12554687500 , 0.275587 , 0.0 , 1.0 , -0.730396 , 5354
250 , 12605346678 , 0.272365 , 0.0 , 1.0 , -0.721848 , 5523
251 , 12656005856 , 0.272365 , 0.0 , 1.0 , -0.740508 , 5153
252 , 12706665034 , 0.272365 , 0.0 , 1.0 , -0.74221 , 5119
253 , 12757202140 , 0.270753 , 0.0 , 1.0 , -0.734537 , 5271
254 , 12806884756 , 0.270753 , 0.0 , 1.0 , -0.744708 , 5069
255 , 12856567371 , 0.270753 , 0.0 , 1.0 , -0.7464 , 5036
256 , 12907226563 , 0.265919 , 0.0 , 1.0 , -0.719967 , 5561
257 , 12958007813 , 0.265919 , 0.0 , 1.0 , -0.747065 , 5023
258 , 13008666991 , 0.264308 , 0.0 , 1.0 , -0.739352 , 5176
259 , 13059326169 , 0.261085 , 0.0 , 1.0 , -0.730732 , 5347
260 , 13109985347 , 0.264308 , 0.0 , 1.0 , -0.768072 , 4605
261 , 13160644525 , 0.265919 , 0.0 , 1.0 , -0.762141 , 4723
262 , 13211303703 , 0.262697 , 0.0 , 1.0 , -0.736574 , 5231
263 , 13260986318 , 0.259474 , 0.0 , 1.0 , -0.736423 , 5234
264 , 13310668934 , 0.256251 , 0.0 , 1.0 , -0.736253 , 5237
265 , 13361328125 , 0.256251 , 0.0 , 1.0 , -0.754812 , 4869
266 , 13411987303 , 0.256251 , 0.0 , 1.0 , -0.756413 , 4837
267 , 13462524409 , 0.257863 , 0.0 , 1.0 , -0.76739 , 4619
268 , 13512817371 , 0.256251 , 0.0 , 1.0 , -0.751147 , 4942
269 , 13563476563 , 0.253029 , 0.0 , 1.0 , -0.742477 , 5114
270 , 13614135741 , 0.253029 , 0.0 , 1.0 , -0.761016 , 4746
271 , 13664672847 , 0.256251 , 0.0 , 1.0 , -0.781348 , 4342
272 , 13715332025 , 0.248195 , 0.0 , 1.0 , -0.719116 , 5578
273 , 13765869131 , 0.246583 , 0.0 , 1.0 , -0.753686 , 4891
274 , 13815551746 , 0.246583 , 0.0 , 1.0 , -0.763706 , 4692
275 , 13866210938 , 0.249806 , 0.0 , 1.0 , -0.783997 , 4289
276 , 13916870116 , 0.246583 , 0.0 , 1.0 , -0.749851 , 4967
277 , 13967651366 , 0.248195 , 0.0 , 1.0 , -0.777725 , 4414
278 , 14018310544 , 0.244972 , 0.0 , 1.0 , -0.752047 , 4924
279 , 14068969722 , 0.240138 , 0.0 , 1.0 , -0.74241 , 5115
280 , 14119628900 , 0.244972 , 0.0 , 1.0 , -0.797472 , 4022
281 , 14170288078 , 0.241749 , 0.0 , 1.0 , -0.754816 , 4869
282 , 14219970693 , 0.243361 , 0.0 , 1.0 , -0.78266 , 4316
283 , 14269775381 , 0.240138 , 0.0 , 1.0 , -0.756952 , 4826
284 , 14319457996 , 0.236916 , 0.0 , 1.0 , -0.75666 , 4832
285 , 14370117188 , 0.235304 , 0.0 , 1.0 , -0.765723 , 4652
286 , 14420776366 , 0.236916 , 0.0 , 1.0 , -0.785048 , 4268
287 , 14471435544 , 0.240138 , 0.0 , 1.0 , -0.7968 , 4035
288 , 14521606434 , 0.233693 , 0.0 , 1.0 , -0.743843 , 5087
289 , 14572265625 , 0.236916 , 0.0 , 1.0 , -0.797969 , 4012
290 , 14622802731 , 0.23047 , 0.0 , 1.0 , -0.744991 , 5064
291 , 14673339837 , 0.23047 , 0.0 , 1.0 , -0.780347 , 4362
292 , 14723999015 , 0.232082 , 0.0 , 1.0 , -0.791162 , 4147
293 , 14773803703 , 0.233693 , 0.0 , 1.0 , -0.793509 , 4100
294 , 14823486318 , 0.228859 , 0.0 , 1.0 , -0.758365 , 4798
295 , 14874023438 , 0.227248 , 0.0 , 1.0 , -0.775857 , 4451
296 , 14924682616 , 0.225636 , 0.0 , 1.0 , -0.776381 , 4440
297 , 14975219722 , 0.225636 , 0.0 , 1.0 , -0.78627 , 4244
298 , 15025878900 , 0.227248 , 0.0 , 1.0 , -0.797055 , 4030
299 , 15076538078 , 0.227248 , 0.0 , 1.0 , -0.789997 , 4170
300 , 15126220693 , 0.225636 , 0.0 , 1.0 , -0.782042 , 4328
301 , 15176025381 , 0.220802 , 0.0 , 1.0 , -0.763806 , 4690
302 , 15226562500 , 0.220802 , 0.0 , 1.0 , -0.790622 , 4158
303 , 15277099606 , 0.220802 , 0.0 , 1.0 , -0.792002 , 4130
304 , 15327758784 , 0.219191 , 0.0 , 1.0 , -0.784007 , 4289
305 , 15378295890 , 0.219191 , 0.0 , 1.0 , -0.793856 , 4093
306 , 15428955068 , 0.220802 , 0.0 , 1.0 , -0.804601 , 3880
307 , 15478637684 , 0.219191 , 0.0 , 1.0 , -0.788127 , 4207
308 , 15528564443 , 0.214357 , 0.0 , 1.0 , -0.76985 , 4570
309 , 15578247059 , 0.214357 , 0.0 , 1.0 , -0.796626 , 4038
310 , 15628784178 , 0.214357 , 0.0 , 1.0 , -0.797966 , 4012
311 , 15679443356 , 0.212746 , 0.0 , 1.0 , -0.789931 , 4171
312 , 15729980462 , 0.214357 , 0.0 , 1.0 , -0.809114 , 3790
313 , 15780639640 , 0.214357 , 0.0 , 1.0 , -0.801975 , 3932
314 , 15830322256 , 0.212746 , 0.0 , 1.0 , -0.79394 , 4092
315 , 15880004871 , 0.211134 , 0.0 , 1.0 , -0.794373 , 4083
316 , 15930664063 , 0.207912 , 0.0 , 1.0 , -0.785421 , 4261
317 , 15981323241 , 0.207912 , 0.0 , 1.0 , -0.803678 , 3898
318 , 16031982419 , 0.209523 , 0.0 , 1.0 , -0.814353 , 3686
319 , 16082641597 , 0.207912 , 0.0 , 1.0 , -0.797808 , 4015
320 , 16133300775 , 0.2063 , 0.0 , 1.0 , -0.798211 , 4007
321 , 16183959953 , 0.204639 , 0.0 , 1.0 , -0.798311 , 4005
322 , 16233520496 , 0.203027 , 0.0 , 1.0 , -0.798959 , 3992
323 , 16284179688 , 0.204639 , 0.0 , 1.0 , -0.818082 , 3612
324 , 16334838866 , 0.204639 , 0.0 , 1.0 , -0.810882 , 3755
325 , 16385498044 , 0.201416 , 0.0 , 1.0 , -0.79341 , 4102
326 , 16436157222 , 0.201416 , 0.0 , 1.0 , -0.811627 , 3740
327 , 16486816400 , 0.199805 , 0.0 , 1.0 , -0.80351 , 3902
328 , 16538085938 , 0.198193 , 0.0 , 1.0 , -0.803863 , 3895
329 , 16588623044 , 0.198193 , 0.0 , 1.0 , -0.81358 , 3702
330 , 16639160150 , 0.198193 , 0.0 , 1.0 , -0.814819 , 3677
331 , 16689819328 , 0.196582 , 0.0 , 1.0 , -0.806682 , 3839
332 , 16740478506 , 0.196582 , 0.0 , 1.0 , -0.81639 , 3646
333 , 16790283193 , 0.193359 , 0.0 , 1.0 , -0.798868 , 3994
334 , 16839965809 , 0.194971 , 0.0 , 1.0 , -0.826409 , 3447
335 , 16890625000 , 0.198193 , 0.0 , 1.0 , -0.837899 , 3219
336 , 16941162106 , 0.190137 , 0.0 , 1.0 , -0.775304 , 4462
337 , 16991821284 , 0.188525 , 0.0 , 1.0 , -0.809511 , 3782
338 , 17042480462 , 0.190137 , 0.0 , 1.0 , -0.828544 , 3405
339 , 17093139640 , 0.191748 , 0.0 , 1.0 , -0.830628 , 3363
340 , 17143798818 , 0.191748 , 0.0 , 1.0 , -0.823348 , 3508
341 , 17193481434 , 0.190137 , 0.0 , 1.0 , -0.815171 , 3670
342 , 17244140625 , 0.186914 , 0.0 , 1.0 , -0.806088 , 3850
343 , 17294677731 , 0.188525 , 0.0 , 1.0 , -0.833588 , 3304
344 , 17345214837 , 0.183691 , 0.0 , 1.0 , -0.798162 , 4008
345 , 17395874015 , 0.18208 , 0.0 , 1.0 , -0.815372 , 3666
346 , 17445556631 , 0.185303 , 0.0 , 1.0 , -0.843739 , 3103
347 , 17495239246 , 0.185303 , 0.0 , 1.0 , -0.827939 , 3417
348 , 17545410150 , 0.185303 , 0.0 , 1.0 , -0.829097 , 3394
349 , 17596191400 , 0.185303 , 0.0 , 1.0 , -0.830255 , 3371
350 , 17646850578 , 0.18208 , 0.0 , 1.0 , -0.812663 , 3720
351 , 17697509756 , 0.178857 , 0.0 , 1.0 , -0.812009 , 3733
352 , 17747192371 , 0.178857 , 0.0 , 1.0 , -0.830084 , 3374
353 , 17797851563 , 0.178857 , 0.0 , 1.0 , -0.831202 , 3352
354 , 17848632813 , 0.178857 , 0.0 , 1.0 , -0.832319 , 3330
355 , 17899291991 , 0.178857 , 0.0 , 1.0 , -0.833437 , 3307
356 , 17949951169 , 0.175635 , 0.0 , 1.0 , -0.815804 , 3658
357 , 18000488275 , 0.175635 , 0.0 , 1.0 , -0.83386 , 3299
358 , 18051147453 , 0.175635 , 0.0 , 1.0 , -0.834957 , 3277
359 , 18101806631 , 0.175635 , 0.0 , 1.0 , -0.836055 , 3255
360 , 18151489246 , 0.174023 , 0.0 , 1.0 , -0.827778 , 3420
361 , 18202148438 , 0.175635 , 0.0 , 1.0 , -0.846719 , 3044
362 , 18252929688 , 0.172412 , 0.0 , 1.0 , -0.820588 , 3563
363 , 18303588866 , 0.172412 , 0.0 , 1.0 , -0.838623 , 3204
364 , 18354248044 , 0.172412 , 0.0 , 1.0 , -0.8397 , 3183
365 , 18404785150 , 0.169189 , 0.0 , 1.0 , -0.822028 , 3534
366 , 18455444328 , 0.169189 , 0.0 , 1.0 , -0.840043 , 3176
367 , 18506103506 , 0.169189 , 0.0 , 1.0 , -0.8411 , 3155
368 , 18556396481 , 0.169189 , 0.0 , 1.0 , -0.842157 , 3134
369 , 18607177731 , 0.167578 , 0.0 , 1.0 , -0.833839 , 3299
370 , 18657836909 , 0.169189 , 0.0 , 1.0 , -0.852741 , 2924
371 , 18708496087 , 0.167578 , 0.0 , 1.0 , -0.835944 , 3258
372 , 18759155265 , 0.165967 , 0.0 , 1.0 , -0.836096 , 3255
373 , 18809814443 , 0.164355 , 0.0 , 1.0 , -0.836236 , 3252
374 , 18859497059 , 0.164355 , 0.0 , 1.0 , -0.845742 , 3063
375 , 18910034178 , 0.164355 , 0.0 , 1.0 , -0.846769 , 3043
376 , 18960693356 , 0.164355 , 0.0 , 1.0 , -0.847796 , 3022
377 , 19011352534 , 0.162744 , 0.0 , 1.0 , -0.839449 , 3188
378 , 19062011712 , 0.162744 , 0.0 , 1.0 , -0.848944 , 2999
379 , 19112670890 , 0.161133 , 0.0 , 1.0 , -0.840586 , 3165
380 , 19163330068 , 0.161133 , 0.0 , 1.0 , -0.850072 , 2977
381 , 19213012684 , 0.15791 , 0.0 , 1.0 , -0.832329 , 3329
382 , 19263671875 , 0.159521 , 0.0 , 1.0 , -0.859648 , 2787
383 , 19314331053 , 0.159521 , 0.0 , 1.0 , -0.852166 , 2935
384 , 19364868159 , 0.15791 , 0.0 , 1.0 , -0.843788 , 3102
385 , 19415405265 , 0.161133 , 0.0 , 1.0 , -0.872004 , 2541
386 , 19465087881 , 0.156299 , 0.0 , 1.0 , -0.827928 , 3417
387 , 19514770496 , 0.156299 , 0.0 , 1.0 , -0.854342 , 2892
388 , 19564697256 , 0.154687 , 0.0 , 1.0 , -0.845943 , 3059
389 , 19614379871 , 0.156299 , 0.0 , 1.0 , -0.864764 , 2685
390 , 19665039063 , 0.151465 , 0.0 , 1.0 , -0.829136 , 3393
391 , 19715698241 , 0.151465 , 0.0 , 1.0 , -0.855519 , 2869
392 , 19766357419 , 0.154687 , 0.0 , 1.0 , -0.875216 , 2478
393 , 19817016597 , 0.153076 , 0.0 , 1.0 , -0.84985 , 2981
394 , 19867675775 , 0.153076 , 0.0 , 1.0 , -0.859286 , 2794
395 , 19918212881 , 0.151465 , 0.0 , 1.0 , -0.850867 , 2961
396 , 19967895496 , 0.149853 , 0.0 , 1.0 , -0.850918 , 2960
397 , 20018554688 , 0.153076 , 0.0 , 1.0 , -0.879083 , 2401
398 , 20069213866 , 0.149853 , 0.0 , 1.0 , -0.844332 , 3091
399 , 20119750972 , 0.146631 , 0.0 , 1.0 , -0.843475 , 3108
400 , 20170410150 , 0.146631 , 0.0 , 1.0 , -0.861349 , 2753
401 , 20221069328 , 0.146631 , 0.0 , 1.0 , -0.862265 , 2735
402 , 20271728506 , 0.149853 , 0.0 , 1.0 , -0.881932 , 2344
403 , 20321411121 , 0.148242 , 0.0 , 1.0 , -0.856535 , 2849
404 , 20372070313 , 0.146631 , 0.0 , 1.0 , -0.856566 , 2848
405 , 20422729491 , 0.149853 , 0.0 , 1.0 , -0.884711 , 2289
406 , 20473388669 , 0.143408 , 0.0 , 1.0 , -0.831189 , 3352
407 , 20524047847 , 0.141797 , 0.0 , 1.0 , -0.856626 , 2847
408 , 20574707025 , 0.143408 , 0.0 , 1.0 , -0.875366 , 2475
409 , 20625366203 , 0.143408 , 0.0 , 1.0 , -0.867784 , 2625
410 , 20676025381 , 0.143408 , 0.0 , 1.0 , -0.86868 , 2607
411 , 20725707996 , 0.141797 , 0.0 , 1.0 , -0.860201 , 2776
412 , 20776367188 , 0.141797 , 0.0 , 1.0 , -0.869566 , 2590
413 , 20827148438 , 0.141797 , 0.0 , 1.0 , -0.870452 , 2572
414 , 20877685544 , 0.140185 , 0.0 , 1.0 , -0.861963 , 2741
415 , 20928344722 , 0.140185 , 0.0 , 1.0 , -0.871318 , 2555
416 , 20978881828 , 0.140185 , 0.0 , 1.0 , -0.872194 , 2538
417 , 21028564443 , 0.136963 , 0.0 , 1.0 , -0.854321 , 2893
418 , 21078247059 , 0.136963 , 0.0 , 1.0 , -0.872134 , 2539
419 , 21128906250 , 0.136963 , 0.0 , 1.0 , -0.87299 , 2522
420 , 21179565428 , 0.136963 , 0.0 , 1.0 , -0.873846 , 2505
421 , 21230224606 , 0.136963 , 0.0 , 1.0 , -0.874702 , 2488
422 , 21280761712 , 0.13374 , 0.0 , 1.0 , -0.856808 , 2843
423 , 21331420890 , 0.13374 , 0.0 , 1.0 , -0.874601 , 2490
424 , 21382080068 , 0.135352 , 0.0 , 1.0 , -0.884812 , 2287
425 , 21431884756 , 0.13374 , 0.0 , 1.0 , -0.867804 , 2625
426 , 21481567371 , 0.13374 , 0.0 , 1.0 , -0.877119 , 2440
427 , 21532226563 , 0.132129 , 0.0 , 1.0 , -0.868579 , 2609
428 , 21582153309 , 0.130518 , 0.0 , 1.0 , -0.868509 , 2611
429 , 21632812500 , 0.136963 , 0.0 , 1.0 , -0.915303 , 1682
430 , 21683471678 , 0.130518 , 0.0 , 1.0 , -0.844744 , 3083
431 , 21734130856 , 0.127295 , 0.0 , 1.0 , -0.860725 , 2765
432 , 21784790034 , 0.127295 , 0.0 , 1.0 , -0.878478 , 2413
433 , 21835327140 , 0.130518 , 0.0 , 1.0 , -0.898023 , 2025
434 , 21885986318 , 0.127295 , 0.0 , 1.0 , -0.863132 , 2718
435 , 21935668934 , 0.130518 , 0.0 , 1.0 , -0.899635 , 1993
436 , 21986206053 , 0.128906 , 0.0 , 1.0 , -0.874117 , 2499
437 , 22036865231 , 0.127295 , 0.0 , 1.0 , -0.874027 , 2501
438 , 22087524409 , 0.128906 , 0.0 , 1.0 , -0.892676 , 2131
439 , 22138183587 , 0.124072 , 0.0 , 1.0 , -0.856878 , 2842
440 , 22188842765 , 0.125684 , 0.0 , 1.0 , -0.892465 , 2135
441 , 22238403309 , 0.127295 , 0.0 , 1.0 , -0.894147 , 2102
442 , 22289062500 , 0.12085 , 0.0 , 1.0 , -0.848963 , 2999
443 , 22339721678 , 0.124072 , 0.0 , 1.0 , -0.902384 , 1938
444 , 22390380856 , 0.124072 , 0.0 , 1.0 , -0.886201 , 2259
445 , 22441040034 , 0.125684 , 0.0 , 1.0 , -0.896352 , 2058
446 , 22491699212 , 0.124072 , 0.0 , 1.0 , -0.879283 , 2397
447 , 22542602534 , 0.12085 , 0.0 , 1.0 , -0.869787 , 2585
448 , 22593139640 , 0.122461 , 0.0 , 1.0 , -0.896875 , 2047
449 , 22642822256 , 0.12085 , 0.0 , 1.0 , -0.879787 , 2387
450 , 22692504871 , 0.119238 , 0.0 , 1.0 , -0.879645 , 2390
451 , 22742309559 , 0.119238 , 0.0 , 1.0 , -0.888869 , 2206
452 , 22792968750 , 0.122461 , 0.0 , 1.0 , -0.908365 , 1819
453 , 22843627928 , 0.119238 , 0.0 , 1.0 , -0.873422 , 2513
454 , 22894287106 , 0.12085 , 0.0 , 1.0 , -0.9005 , 1976
455 , 22944946284 , 0.117627 , 0.0 , 1.0 , -0.874026 , 2501
456 , 22995605462 , 0.116016 , 0.0 , 1.0 , -0.882344 , 2336
457 , 23046264640 , 0.117627 , 0.0 , 1.0 , -0.900923 , 1967
458 , 23096923818 , 0.117627 , 0.0 , 1.0 , -0.893179 , 2121
459 , 23146606434 , 0.114404 , 0.0 , 1.0 , -0.875164 , 2479
460 , 23197265625 , 0.116016 , 0.0 , 1.0 , -0.902211 , 1942
461 , 23247924803 , 0.116016 , 0.0 , 1.0 , -0.894458 , 2096
462 , 23298461909 , 0.116016 , 0.0 , 1.0 , -0.895183 , 2081
463 , 23349121087 , 0.116016 , 0.0 , 1.0 , -0.895908 , 2067
464 , 23399780265 , 0.114404 , 0.0 , 1.0 , -0.887258 , 2238
465 , 23449462881 , 0.117627 , 0.0 , 1.0 , -0.915202 , 1684
466 , 23499145496 , 0.111182 , 0.0 , 1.0 , -0.861479 , 2750
467 , 23549682616 , 0.111182 , 0.0 , 1.0 , -0.896089 , 2063
468 , 23600463866 , 0.10957 , 0.0 , 1.0 , -0.887408 , 2236
469 , 23651245116 , 0.111182 , 0.0 , 1.0 , -0.905947 , 1867
470 , 23701904294 , 0.114404 , 0.0 , 1.0 , -0.916913 , 1650
471 , 23752441400 , 0.111182 , 0.0 , 1.0 , -0.881921 , 2344
472 , 23803222650 , 0.111182 , 0.0 , 1.0 , -0.899573 , 1994
473 , 23853881828 , 0.111182 , 0.0 , 1.0 , -0.900268 , 1980
474 , 23903564443 , 0.10957 , 0.0 , 1.0 , -0.891587 , 2153
475 , 23953247059 , 0.111182 , 0.0 , 1.0 , -0.910126 , 1784
476 , 24003906250 , 0.107959 , 0.0 , 1.0 , -0.883592 , 2311
477 , 24054565428 , 0.104736 , 0.0 , 1.0 , -0.882474 , 2334
478 , 24105224606 , 0.107959 , 0.0 , 1.0 , -0.918836 , 1611
479 , 24155883784 , 0.112793 , 0.0 , 1.0 , -0.930678 , 1376
480 , 24206542962 , 0.104736 , 0.0 , 1.0 , -0.859071 , 2798
481 , 24257202140 , 0.104736 , 0.0 , 1.0 , -0.90212 , 1943
482 , 24307861318 , 0.104736 , 0.0 , 1.0 , -0.902774 , 1930
483 , 24357543934 , 0.104736 , 0.0 , 1.0 , -0.903429 , 1917
484 , 24408081053 , 0.107959 , 0.0 , 1.0 , -0.922833 , 1532
485 , 24458740231 , 0.104736 , 0.0 , 1.0 , -0.8878 , 2228
486 , 24509399409 , 0.104736 , 0.0 , 1.0 , -0.905412 , 1878
487 , 24559936515 , 0.104736 , 0.0 , 1.0 , -0.906067 , 1865
488 , 24609497059 , 0.103125 , 0.0 , 1.0 , -0.897346 , 2038
489 , 24660156250 , 0.101514 , 0.0 , 1.0 , -0.897094 , 2043
490 , 24710815428 , 0.103125 , 0.0 , 1.0 , -0.915583 , 1676
491 , 24761474606 , 0.0999023 , 0.0 , 1.0 , -0.888998 , 2204
492 , 24812011712 , 0.101514 , 0.0 , 1.0 , -0.915955 , 1669
493 , 24862670890 , 0.103125 , 0.0 , 1.0 , -0.917486 , 1638
494 , 24913330068 , 0.103125 , 0.0 , 1.0 , -0.909652 , 1794
495 , 24963012684 , 0.0999023 , 0.0 , 1.0 , -0.891546 , 2153
496 , 25013549803 , 0.0966797 , 0.0 , 1.0 , -0.890378 , 2177
497 , 25064208981 , 0.098291 , 0.0 , 1.0 , -0.917314 , 1642
498 , 25114868159 , 0.101514 , 0.0 , 1.0 , -0.9282 , 1425
499 , 25165527337 , 0.098291 , 0.0 , 1.0 , -0.893127 , 2122
500 , 25216186515 , 0.098291 , 0.0 , 1.0 , -0.910698 , 1773
501 , 25266845693 , 0.098291 , 0.0 , 1.0 , -0.911313 , 1761
502 , 25317382813 , 0.098291 , 0.0 , 1.0 , -0.911927 , 1749
503 , 25368041991 , 0.0966797 , 0.0 , 1.0 , -0.903166 , 1923
504 , 25418701169 , 0.0950683 , 0.0 , 1.0 , -0.902874 , 1928
505 , 25469360347 , 0.0950683 , 0.0 , 1.0 , -0.911947 , 1748
506 , 25519897453 , 0.0950683 , 0.0 , 1.0 , -0.912541 , 1736
507 , 25570922847 , 0.0999023 , 0.0 , 1.0 , -0.94126 , 1166
508 , 25621582025 , 0.0918457 , 0.0 , 1.0 , -0.869572 , 2590
509 , 25672241203 , 0.0950683 , 0.0 , 1.0 , -0.931291 , 1364
510 , 25722900381 , 0.0950683 , 0.0 , 1.0 , -0.914927 , 1689
511 , 25772582996 , 0.093457 , 0.0 , 1.0 , -0.906147 , 1863
512 , 25823120116 , 0.0918457 , 0.0 , 1.0 , -0.905834 , 1870
513 , 25873657222 , 0.0918457 , 0.0 , 1.0 , -0.914887 , 1690
514 , 25924316400 , 0.0918457 , 0.0 , 1.0 , -0.915461 , 1678
515 , 25974975578 , 0.0918457 , 0.0 , 1.0 , -0.916035 , 1667
516 , 26025634756 , 0.0918457 , 0.0 , 1.0 , -0.916608 , 1656
517 , 26075317371 , 0.0918457 , 0.0 , 1.0 , -0.917182 , 1644
518 , 26125976563 , 0.0918457 , 0.0 , 1.0 , -0.917756 , 1633
519 , 26176635741 , 0.0902343 , 0.0 , 1.0 , -0.908955 , 1808
520 , 26227172847 , 0.0902343 , 0.0 , 1.0 , -0.917998 , 1628
521 , 26277832025 , 0.0902343 , 0.0 , 1.0 , -0.918561 , 1617
522 , 26328491203 , 0.088623 , 0.0 , 1.0 , -0.90975 , 1792
523 , 26379150381 , 0.0870117 , 0.0 , 1.0 , -0.909408 , 1799
524 , 26428832996 , 0.0902343 , 0.0 , 1.0 , -0.937181 , 1247
525 , 26479492188 , 0.0902343 , 0.0 , 1.0 , -0.920787 , 1573
526 , 26530151366 , 0.088623 , 0.0 , 1.0 , -0.911976 , 1748
527 , 26580200184 , 0.0870117 , 0.0 , 1.0 , -0.911633 , 1754
528 , 26630859375 , 0.083789 , 0.0 , 1.0 , -0.901906 , 1948
529 , 26681396481 , 0.0870117 , 0.0 , 1.0 , -0.938137 , 1228
530 , 26732055659 , 0.088623 , 0.0 , 1.0 , -0.931098 , 1368
531 , 26782714837 , 0.0854004 , 0.0 , 1.0 , -0.904423 , 1898
532 , 26833251943 , 0.0854004 , 0.0 , 1.0 , -0.921914 , 1550
533 , 26882934559 , 0.0854004 , 0.0 , 1.0 , -0.922448 , 1540
534 , 26933593750 , 0.083789 , 0.0 , 1.0 , -0.913606 , 1715
535 , 26984252928 , 0.0854004 , 0.0 , 1.0 , -0.931984 , 1350
536 , 27034912106 , 0.0854004 , 0.0 , 1.0 , -0.924039 , 1508
537 , 27085449212 , 0.083789 , 0.0 , 1.0 , -0.915197 , 1684
538 , 27135986318 , 0.0821777 , 0.0 , 1.0 , -0.914824 , 1691
539 , 27185668934 , 0.0854004 , 0.0 , 1.0 , -0.942567 , 1140
540 , 27236328125 , 0.0821777 , 0.0 , 1.0 , -0.907393 , 1839
541 , 27286987303 , 0.0805664 , 0.0 , 1.0 , -0.915489 , 1678
542 , 27337524409 , 0.0789551 , 0.0 , 1.0 , -0.915096 , 1686
543 , 27388183587 , 0.083789 , 0.0 , 1.0 , -0.952193 , 949
544 , 27438842765 , 0.083789 , 0.0 , 1.0 , -0.927281 , 1444
545 , 27489501943 , 0.0821777 , 0.0 , 1.0 , -0.918429 , 1619
546 , 27539184559 , 0.0805664 , 0.0 , 1.0 , -0.918046 , 1627
547 , 27588989246 , 0.0789551 , 0.0 , 1.0 , -0.917653 , 1635
548 , 27638793934 , 0.0773437 , 0.0 , 1.0 , -0.91725 , 1643
549 , 27689331053 , 0.0789551 , 0.0 , 1.0 , -0.935587 , 1279
550 , 27739990231 , 0.0821777 , 0.0 , 1.0 , -0.946352 , 1065
551 , 27790649409 , 0.0789551 , 0.0 , 1.0 , -0.911158 , 1764
552 , 27841308587 , 0.0789551 , 0.0 , 1.0 , -0.928609 , 1417
553 , 27891967765 , 0.0789551 , 0.0 , 1.0 , -0.929102 , 1407
554 , 27941528309 , 0.0773437 , 0.0 , 1.0 , -0.92022 , 1584
555 , 27992187500 , 0.0789551 , 0.0 , 1.0 , -0.938557 , 1220
556 , 28042846678 , 0.0757324 , 0.0 , 1.0 , -0.911822 , 1751
557 , 28093383784 , 0.0773437 , 0.0 , 1.0 , -0.938628 , 1218
558 , 28144042962 , 0.0773437 , 0.0 , 1.0 , -0.930632 , 1377
559 , 28194702140 , 0.0757324 , 0.0 , 1.0 , -0.92174 , 1554
560 , 28244384756 , 0.0789551 , 0.0 , 1.0 , -0.949443 , 1004
561 , 28294067371 , 0.0757324 , 0.0 , 1.0 , -0.914228 , 1703
562 , 28344726563 , 0.0741211 , 0.0 , 1.0 , -0.922284 , 1543
563 , 28395385741 , 0.0757324 , 0.0 , 1.0 , -0.940601 , 1179
564 , 28446044919 , 0.0757324 , 0.0 , 1.0 , -0.932596 , 1338
565 , 28496704097 , 0.0757324 , 0.0 , 1.0 , -0.933069 , 1329
566 , 28547363275 , 0.0725097 , 0.0 , 1.0 , -0.914792 , 1692
567 , 28597778309 , 0.0757324 , 0.0 , 1.0 , -0.950953 , 974
568 , 28648437500 , 0.0741211 , 0.0 , 1.0 , -0.925093 , 1487
569 , 28699096678 , 0.0725097 , 0.0 , 1.0 , -0.92466 , 1496
570 , 28749755856 , 0.0789551 , 0.0 , 1.0 , -0.971092 , 574
571 , 28800415034 , 0.0725097 , 0.0 , 1.0 , -0.90017 , 1982
572 , 28851074212 , 0.0708984 , 0.0 , 1.0 , -0.925163 , 1486
573 , 28901733390 , 0.0708984 , 0.0 , 1.0 , -0.934085 , 1309
574 , 28952392568 , 0.0725097 , 0.0 , 1.0 , -0.943903 , 1114
575 , 29002075184 , 0.0725097 , 0.0 , 1.0 , -0.935877 , 1273
576 , 29052734375 , 0.0741211 , 0.0 , 1.0 , -0.945705 , 1078
577 , 29103393553 , 0.0708984 , 0.0 , 1.0 , -0.91894 , 1609
578 , 29154052731 , 0.0692871 , 0.0 , 1.0 , -0.926965 , 1450
579 , 29204711909 , 0.0708984 , 0.0 , 1.0 , -0.945252 , 1087
580 , 29255371087 , 0.0708984 , 0.0 , 1.0 , -0.937216 , 1246
581 , 29306030265 , 0.0725097 , 0.0 , 1.0 , -0.947034 , 1051
582 , 29355590809 , 0.0692871 , 0.0 , 1.0 , -0.920259 , 1583
583 , 29406250000 , 0.0676758 , 0.0 , 1.0 , -0.928274 , 1424
584 , 29457031250 , 0.0692871 , 0.0 , 1.0 , -0.946551 , 1061
585 , 29507568356 , 0.0708984 , 0.0 , 1.0 , -0.94788 , 1035
586 , 29558227534 , 0.0692871 , 0.0 , 1.0 , -0.930469 , 1380
587 , 29608642568 , 0.0692871 , 0.0 , 1.0 , -0.939381 , 1203
588 , 29658325184 , 0.0660644 , 0.0 , 1.0 , -0.921063 , 1567
589 , 29708984375 , 0.0660644 , 0.0 , 1.0 , -0.938434 , 1222
590 , 29759521481 , 0.0676758 , 0.0 , 1.0 , -0.948222 , 1028
591 , 29810058587 , 0.0692871 , 0.0 , 1.0 , -0.949541 , 1002
592 , 29860717765 , 0.0692871 , 0.0 , 1.0 , -0.941495 , 1161
593 , 29911376943 , 0.0660644 , 0.0 , 1.0 , -0.923178 , 1525
594 , 29961059559 , 0.0644531 , 0.0 , 1.0 , -0.931173 , 1366
595 , 30011718750 , 0.0644531 , 0.0 , 1.0 , -0.940054 , 1190
596 , 30062377928 , 0.0660644 , 0.0 , 1.0 , -0.949832 , 996
597 , 30113037106 , 0.0660644 , 0.0 , 1.0 , -0.941766 , 1156
598 , 30163696284 , 0.0660644 , 0.0 , 1.0 , -0.942179 , 1148
599 , 30214233390 , 0.0660644 , 0.0 , 1.0 , -0.942591 , 1140
600 , 30263916006 , 0.0660644 , 0.0 , 1.0 , -0.943004 , 1131
601 , 30313598621 , 0.0660644 , 0.0 , 1.0 , -0.943417 , 1123
602 , 30364257813 , 0.0644531 , 0.0 , 1.0 , -0.934454 , 1301
603 , 30414916991 , 0.0628418 , 0.0 , 1.0 , -0.933961 , 1311
604 , 30465576169 , 0.0628418 , 0.0 , 1.0 , -0.942832 , 1135
605 , 30516113275 , 0.0644531 , 0.0 , 1.0 , -0.9526 , 941
606 , 30566772453 , 0.0644531 , 0.0 , 1.0 , -0.944524 , 1101
607 , 30616332996 , 0.0644531 , 0.0 , 1.0 , -0.944927 , 1093
608 , 30666870116 , 0.0628418 , 0.0 , 1.0 , -0.935954 , 1271
609 , 30717529294 , 0.0612304 , 0.0 , 1.0 , -0.935451 , 1281
610 , 30768188472 , 0.0596191 , 0.0 , 1.0 , -0.934937 , 1292
611 , 30818847650 , 0.0660644 , 0.0 , 1.0 , -0.981289 , 371
612 , 30869384756 , 0.0644531 , 0.0 , 1.0 , -0.938411 , 1223
613 , 30919067371 , 0.0596191 , 0.0 , 1.0 , -0.919168 , 1605
614 , 30969726563 , 0.0596191 , 0.0 , 1.0 , -0.944977 , 1092
615 , 31020263669 , 0.0596191 , 0.0 , 1.0 , -0.94535 , 1085
616 , 31070922847 , 0.0644531 , 0.0 , 1.0 , -0.973847 , 519
617 , 31121582025 , 0.0628418 , 0.0 , 1.0 , -0.939438 , 1202
618 , 31172241203 , 0.0596191 , 0.0 , 1.0 , -0.92956 , 1398
619 , 31222900381 , 0.0580078 , 0.0 , 1.0 , -0.937515 , 1240
620 , 31272582996 , 0.0596191 , 0.0 , 1.0 , -0.955731 , 879
621 , 31323242188 , 0.0596191 , 0.0 , 1.0 , -0.947625 , 1040
622 , 31373901366 , 0.0596191 , 0.0 , 1.0 , -0.947998 , 1032
623 , 31424682616 , 0.0596191 , 0.0 , 1.0 , -0.94837 , 1025
624 , 31475341794 , 0.0596191 , 0.0 , 1.0 , -0.948743 , 1017
625 , 31526000972 , 0.0596191 , 0.0 , 1.0 , -0.949116 , 1010
626 , 31576782222 , 0.0580078 , 0.0 , 1.0 , -0.940113 , 1189
627 , 31627319328 , 0.0596191 , 0.0 , 1.0 , -0.95833 , 827
628 , 31678100578 , 0.0580078 , 0.0 , 1.0 , -0.940848 , 1174
629 , 31727661121 , 0.0547851 , 0.0 , 1.0 , -0.930939 , 1371
630 , 31778198241 , 0.0563965 , 0.0 , 1.0 , -0.957614 , 841
631 , 31828857419 , 0.0563965 , 0.0 , 1.0 , -0.949488 , 1003
632 , 31879516597 , 0.0580078 , 0.0 , 1.0 , -0.959215 , 809
633 , 31930053703 , 0.0596191 , 0.0 , 1.0 , -0.960474 , 784
634 , 31979736318 , 0.0563965 , 0.0 , 1.0 , -0.933618 , 1318
635 , 32029418934 , 0.0563965 , 0.0 , 1.0 , -0.950928 , 974
636 , 32080078125 , 0.0547851 , 0.0 , 1.0 , -0.941905 , 1153
637 , 32130615231 , 0.0563965 , 0.0 , 1.0 , -0.960101 , 792
638 , 32181274409 , 0.0563965 , 0.0 , 1.0 , -0.951975 , 953
639 , 32231933587 , 0.0563965 , 0.0 , 1.0 , -0.952327 , 946
